name,sku,DONE
Selectorized Four Way Neck,364,
Leverage Hip Press,129,
Titan Glute Ham,211,
45 Degree Hyper Extenstion,204,
Posterior Chain Combo,210,
Renegade Adjustable Bench,750-10,
Adjustable Decline Bench,220,
Hex Bar Storage,2213,
Small Wall Mount Storage,230J,
Three Way Utility Box,246-3,
Glute Ham Roller Storage Hook,2293,
Lat Seat,2608,
Removable Dip,2610,
Half Rack Band Attachment,2620,
Dual Utility Roller,2640,
"41"" Resistance Bands",Band,
Lock-Jaw PRO 2,PR2-BLK,
Half Rack Spotter Arm,2031,
UHMW Bar Cups,2020,
Low Bar Storage,2607,
STITCHED WEAR COVER,LOGO-WEAR,
SMALL DECAL,LOGO-SQ,
Titan Adjustable Bench,900-10-G3,
Stray Dog Strength Power Bar,401,
50 POUND HEX BAR,,
Storage Cubbies,508,
Mid Row,192,
Landmine,2613,
Alpha Half Rack,SD 2120,
Alpha Double Half Rack,SD 2140,
Triad Half Rack,SD 2130,
Triad Double Half Rack,SD 2150,
ATR Lat Pull Down,SD2231,
ATR Lat Pull/ Low Row,SD2232,
ATR Cable Column,SD2233,
ATR Belt Squat/Lat Pull down Combo,SD2234,
ATR Frame,2230,
Basic Metal Bar Cup,2022,
Multi Grip Chin Up,2072,
Straight Chin Up,2071,
Top Beam Connector,2063,
Fixed Low Pulley,2606,
Change Plate Storage,2013,
Weight Peg,SD 2012,
Hanging Bar Storage,2014,
Lat Pull Down Attachment,SD 2605,
Cable Column Attachment,SD 2630,
Belt Squat/Lat Pull down Combo Attachment,SD 2650,
Utility Loop,2692,
Movable Storage Hook,2295M,
Marrs Bar,,
Logo Topper,2271,
Stray Dog Logo Hitch Pin,2004,
Adjustable Nut,2015,
Battle Rope Hanger,2297,
Logo Beam Connector,,
Functional Trainer,SD 2330,
Troy Competition Bumper Plates,,
Crossmembers,,
Upright/Rack Post,,
Triad  Crossmember,,
"1"" Bolt Assembly",2001,
D Handle,,
Lat Bar,,
Replacement Plastic Pieces,,
Band Pegs,,
Reverse Hyper Strap Spud INC,,
Spud INC Belt Squat Belt,,
Replacement Cables,,
Olympic Spring Collars,2406,
Troy GO-R Rubber Encased Plates,,
Flat Storage Trays,,
Dumbbell Trays,,
Troy Rubber Encased 12 Sided Dumbbell,,
Step Up Plate,2642,
Stray Dog Lifting Chalk,410,
Stray Dog Strength T-Shirt,,
Alpha Rack Logo,,
Foam Roller Storage,2291,
ECORE Ultra Tile Logo,,
Rack Mounted Lat Pull Down,,
Rack Mounted Cable Column,,
Horizontal Bumper Tray,,
Pre-Configured ATR #1,2241,
Dual Storage Hook,2294,
Stand Alone Cable Column,SD2315,
Stand Alone Lat Pull Down,SD 2309,
Alpha Single Utility Roller,,
Single Utility Roller,2638,
Nike Stray Dog Hat,,
Removable Chalk Bowl with lid,2299,
Adjustable Speed Jump Rope,,
Neck Machine Attachment,2664,
Deluxe Power Rack,2210-DLX,
"3x3"" Tubes",,
Bridge,,
Stray Dog Strength Flag,,
Storage Bench,2550,
Lat Pull Down/Low Row Fixed Seat,2310,
Pre Configured ATR #2,,
Pre Configured ATR #3,,
Pre Configured ATR #4,,
Pre Configured ATR #5,,
Black Balance Pad,2491,
Foam Roller Storage Crossmember,,
Rack/ATR Height Modification,,
Front Feet,2040,
Half/Full Rack Combo,,
"43"" Full Rack Straps and Brackets",,
Foam Roller,,
Alpha Full Rack,,
Triad Full Rack,,
Flat Tray Divider,2283-D,
Fisher Impact Plyo Boxes,,
Stray Dog Shaker Cup,,
Custom Crossmember Brackets,,
Glute Ham Roller,2355,
"Basic 43"" Power Rack",2210-B,
Lever Arms,,
Alpha Bench,2520,
Hike Sled,,
Rack/Wall Mount Locking Storage,,
Low Beam Storage,,
Nunchuck Cable Attachment,2463,
Alpha Chinning Triangle,2465,
"3x3"" Tube Custom Cut Down",,
Decline Bench,2532,
Colored Stray Dog Power Bars,2401,
GOAT Attachment,2641,
Alpha Bench Spotter Plate,2520-I,
Hike Sled Low Handle,,
Basic Dumbbell Rack,,
Basic Kettlebell and Medicine Ball Rack,,
Multi Grip Cable/Landmine Attachment,2464,
Stray Dog Lightweight Bar,2402,
Alpha Bench Logo,,
